comparison,stratum,query_type,depth,metric,delta,lo,hi,p_value,n
conditioned_minus_generic,fixed,target,1,em,0.2,0.0,0.5,0.2334,10
conditioned_minus_generic,switching,target,1,em,0.2,0.0,0.5,0.2334,10
switching_minus_fixed,conditioned,target,1,em,0.0,0.0,0.0,1.0,10
switching_minus_fixed,generic,target,1,em,0.0,0.0,0.0,1.0,10
conditioning_x_switching_interaction,factorial,target,1,em,0.0,0.0,0.0,1.0,10
conditioned_minus_generic,fixed,target,1,f1,0.10222222222222221,-0.19555555555555557,0.42000000000000004,0.4804,10
conditioned_minus_generic,switching,target,1,f1,0.10222222222222221,-0.19555555555555557,0.42000000000000004,0.4804,10
switching_minus_fixed,conditioned,target,1,f1,0.0,0.0,0.0,1.0,10
switching_minus_fixed,generic,target,1,f1,0.0,0.0,0.0,1.0,10
conditioning_x_switching_interaction,factorial,target,1,f1,0.0,0.0,0.0,1.0,10
conditioned_minus_generic,fixed,target,1,judge_correct,0.1,-0.3,0.5,0.8208,10
conditioned_minus_generic,switching,target,1,judge_correct,0.1,-0.3,0.5,0.8208,10
switching_minus_fixed,conditioned,target,1,judge_correct,0.0,0.0,0.0,1.0,10
switching_minus_fixed,generic,target,1,judge_correct,0.0,0.0,0.0,1.0,10
conditioning_x_switching_interaction,factorial,target,1,judge_correct,0.0,0.0,0.0,1.0,10
conditioned_minus_generic,fixed,target,2,em,0.1,-0.2,0.4,0.7682,10
conditioned_minus_generic,switching,target,2,em,0.0,-0.4,0.4,1.0,10
switching_minus_fixed,conditioned,target,2,em,0.0,0.0,0.0,1.0,10
switching_minus_fixed,generic,target,2,em,0.1,0.0,0.3,0.6084,10
conditioning_x_switching_interaction,factorial,target,2,em,-0.1,-0.3,0.0,0.6112,10
conditioned_minus_generic,fixed,target,2,f1,0.06285714285714286,-0.2742857142857143,0.4,0.7716,10
conditioned_minus_generic,switching,target,2,f1,0.10666666666666665,-0.1733333333333333,0.4333333333333333,0.4717,10
switching_minus_fixed,conditioned,target,2,f1,0.08666666666666667,0.0,0.22000000000000003,0.2047,10
switching_minus_fixed,generic,target,2,f1,0.04285714285714285,0.0,0.12857142857142856,0.6084,10
conditioning_x_switching_interaction,factorial,target,2,f1,0.04380952380952381,-0.06857142857142855,0.2,0.6282,10
conditioned_minus_generic,fixed,target,2,judge_correct,0.1,-0.3,0.5,0.8309,10
conditioned_minus_generic,switching,target,2,judge_correct,0.0,-0.4,0.4,1.0,10
switching_minus_fixed,conditioned,target,2,judge_correct,0.0,-0.3,0.3,1.0,10
switching_minus_fixed,generic,target,2,judge_correct,0.1,0.0,0.3,0.6084,10
conditioning_x_switching_interaction,factorial,target,2,judge_correct,-0.1,-0.6,0.3,0.8426,10
conditioned_minus_generic,fixed,target,3,em,0.2,0.0,0.5,0.2334,10
conditioned_minus_generic,switching,target,3,em,0.1,-0.2,0.4,0.7682,10
switching_minus_fixed,conditioned,target,3,em,-0.1,-0.3,0.0,0.6091,10
switching_minus_fixed,generic,target,3,em,0.0,-0.3,0.3,1.0,10
conditioning_x_switching_interaction,factorial,target,3,em,-0.1,-0.3,0.0,0.6079,10
conditioned_minus_generic,fixed,target,3,f1,0.15333333333333335,-0.09333333333333332,0.4533333333333333,0.2469,10
conditioned_minus_generic,switching,target,3,f1,0.16666666666666666,-0.06666666666666668,0.4666666666666666,0.2556,10
switching_minus_fixed,conditioned,target,3,f1,0.026666666666666672,-0.24,0.26,0.8763,10
switching_minus_fixed,generic,target,3,f1,0.013333333333333341,-0.2866666666666667,0.3,0.8699,10
conditioning_x_switching_interaction,factorial,target,3,f1,0.013333333333333326,-0.1,0.13999999999999999,0.8462,10
conditioned_minus_generic,fixed,target,3,judge_correct,0.2,-0.2,0.6,0.4284,10
conditioned_minus_generic,switching,target,3,judge_correct,0.2,-0.2,0.6,0.4284,10
switching_minus_fixed,conditioned,target,3,judge_correct,-0.1,-0.3,0.0,0.6197,10
switching_minus_fixed,generic,target,3,judge_correct,-0.1,-0.3,0.0,0.6197,10
conditioning_x_switching_interaction,factorial,target,3,judge_correct,0.0,0.0,0.0,1.0,10
conditioned_minus_generic,fixed,target,4,em,0.2,0.0,0.5,0.2334,10
conditioned_minus_generic,switching,target,4,em,0.1,-0.2,0.4,0.7682,10
switching_minus_fixed,conditioned,target,4,em,-0.1,-0.3,0.0,0.6091,10
switching_minus_fixed,generic,target,4,em,0.0,-0.3,0.3,1.0,10
conditioning_x_switching_interaction,factorial,target,4,em,-0.1,-0.3,0.0,0.6079,10
conditioned_minus_generic,fixed,target,4,f1,0.22000000000000003,0.0,0.5,0.0766,10
conditioned_minus_generic,switching,target,4,f1,0.20857142857142857,-0.03333333333333334,0.49523809523809526,0.1184,10
switching_minus_fixed,conditioned,target,4,f1,0.05523809523809524,-0.23333333333333334,0.30380952380952386,0.7147,10
switching_minus_fixed,generic,target,4,f1,0.06666666666666667,-0.23333333333333334,0.36666666666666664,0.7412,10
conditioning_x_switching_interaction,factorial,target,4,f1,-0.011428571428571422,-0.10666666666666666,0.07904761904761906,0.7564,10
conditioned_minus_generic,fixed,target,4,judge_correct,0.2,-0.2,0.6,0.4281,10
conditioned_minus_generic,switching,target,4,judge_correct,0.4,0.0,0.8,0.0984,10
switching_minus_fixed,conditioned,target,4,judge_correct,0.1,0.0,0.3,0.6197,10
switching_minus_fixed,generic,target,4,judge_correct,-0.1,-0.4,0.2,0.7611,10
conditioning_x_switching_interaction,factorial,target,4,judge_correct,0.2,-0.2,0.7,0.531,10
conditioned_minus_generic,fixed,target,5,em,0.2,0.0,0.5,0.2334,10
conditioned_minus_generic,switching,target,5,em,0.2,-0.2,0.6,0.4284,10
switching_minus_fixed,conditioned,target,5,em,0.0,-0.3,0.3,1.0,10
switching_minus_fixed,generic,target,5,em,0.0,-0.3,0.3,1.0,10
conditioning_x_switching_interaction,factorial,target,5,em,0.0,-0.3,0.3,1.0,10
conditioned_minus_generic,fixed,target,5,f1,0.23333333333333334,0.0,0.5,0.0662,10
conditioned_minus_generic,switching,target,5,f1,0.2,-0.1,0.5,0.2293,10
switching_minus_fixed,conditioned,target,5,f1,0.03333333333333334,-0.23333333333333334,0.2666666666666667,0.8376,10
switching_minus_fixed,generic,target,5,f1,0.06666666666666667,-0.23333333333333334,0.36666666666666664,0.7412,10
conditioning_x_switching_interaction,factorial,target,5,f1,-0.03333333333333333,-0.2,0.1,0.8348,10
conditioned_minus_generic,fixed,target,5,judge_correct,0.2,-0.2,0.6,0.4281,10
conditioned_minus_generic,switching,target,5,judge_correct,0.3,-0.1,0.7,0.2165,10
switching_minus_fixed,conditioned,target,5,judge_correct,0.0,0.0,0.0,1.0,10
switching_minus_fixed,generic,target,5,judge_correct,-0.1,-0.4,0.2,0.7611,10
conditioning_x_switching_interaction,factorial,target,5,judge_correct,0.1,-0.2,0.4,0.7654,10
conditioned_minus_generic,fixed,target,6,em,0.1,-0.2,0.4,0.7646,10
conditioned_minus_generic,switching,target,6,em,0.2,0.0,0.5,0.2272,10
switching_minus_fixed,conditioned,target,6,em,-0.1,-0.4,0.2,0.7653,10
switching_minus_fixed,generic,target,6,em,-0.2,-0.5,0.0,0.2272,10
conditioning_x_switching_interaction,factorial,target,6,em,0.1,-0.2,0.4,0.7616,10
conditioned_minus_generic,fixed,target,6,f1,0.053333333333333344,-0.29333333333333333,0.4,0.7628,10
conditioned_minus_generic,switching,target,6,f1,0.2733333333333333,0.08,0.4934999999999976,0.0095,10
switching_minus_fixed,conditioned,target,6,f1,0.020000000000000007,-0.36666666666666664,0.36,0.9122,10
switching_minus_fixed,generic,target,6,f1,-0.2,-0.5,0.0,0.2272,10
conditioning_x_switching_interaction,factorial,target,6,f1,0.22000000000000003,-0.12000000000000002,0.5266666666666666,0.1916,10
conditioned_minus_generic,fixed,target,6,judge_correct,0.2,-0.2,0.6,0.4221,10
conditioned_minus_generic,switching,target,6,judge_correct,0.3,-0.1,0.7,0.2172,10
switching_minus_fixed,conditioned,target,6,judge_correct,-0.1,-0.4,0.2,0.7669,10
switching_minus_fixed,generic,target,6,judge_correct,-0.2,-0.6,0.2,0.4211,10
conditioning_x_switching_interaction,factorial,target,6,judge_correct,0.1,-0.3,0.5,0.8265,10
conditioned_minus_generic,fixed,heldout,1,em,0.5,0.2,0.8,0.0015,10
conditioned_minus_generic,switching,heldout,1,em,0.5,0.2,0.8,0.0015,10
switching_minus_fixed,conditioned,heldout,1,em,0.0,0.0,0.0,1.0,10
switching_minus_fixed,generic,heldout,1,em,0.0,0.0,0.0,1.0,10
conditioning_x_switching_interaction,factorial,heldout,1,em,0.0,0.0,0.0,1.0,10
conditioned_minus_generic,fixed,heldout,1,f1,0.5,0.2,0.8,0.0015,10
conditioned_minus_generic,switching,heldout,1,f1,0.5,0.2,0.8,0.0015,10
switching_minus_fixed,conditioned,heldout,1,f1,0.0,0.0,0.0,1.0,10
switching_minus_fixed,generic,heldout,1,f1,0.0,0.0,0.0,1.0,10
conditioning_x_switching_interaction,factorial,heldout,1,f1,0.0,0.0,0.0,1.0,10
conditioned_minus_generic,fixed,heldout,1,judge_correct,0.7,0.4,1.0,0.0,10
conditioned_minus_generic,switching,heldout,1,judge_correct,0.7,0.4,1.0,0.0,10
switching_minus_fixed,conditioned,heldout,1,judge_correct,0.0,0.0,0.0,1.0,10
switching_minus_fixed,generic,heldout,1,judge_correct,0.0,0.0,0.0,1.0,10
conditioning_x_switching_interaction,factorial,heldout,1,judge_correct,0.0,0.0,0.0,1.0,10
conditioned_minus_generic,fixed,heldout,2,em,0.4,0.1,0.7,0.0174,10
conditioned_minus_generic,switching,heldout,2,em,0.2,0.0,0.5,0.2323,10
switching_minus_fixed,conditioned,heldout,2,em,-0.2,-0.6,0.2,0.4235,10
switching_minus_fixed,generic,heldout,2,em,0.0,-0.3,0.3,1.0,10
conditioning_x_switching_interaction,factorial,heldout,2,em,-0.2,-0.6,0.2,0.428,10
conditioned_minus_generic,fixed,heldout,2,f1,0.4,0.1,0.7,0.0174,10
conditioned_minus_generic,switching,heldout,2,f1,0.24,0.0,0.5,0.0758,10
switching_minus_fixed,conditioned,heldout,2,f1,-0.16,-0.5,0.2,0.4075,10
switching_minus_fixed,generic,heldout,2,f1,0.0,-0.3,0.3,1.0,10
conditioning_x_switching_interaction,factorial,heldout,2,f1,-0.16,-0.5,0.2,0.4099,10
conditioned_minus_generic,fixed,heldout,2,judge_correct,0.6,0.3,0.9,0.0002,10
conditioned_minus_generic,switching,heldout,2,judge_correct,0.5,0.2,0.8,0.002,10
switching_minus_fixed,conditioned,heldout,2,judge_correct,0.0,0.0,0.0,1.0,10
switching_minus_fixed,generic,heldout,2,judge_correct,0.1,0.0,0.3,0.6133,10
conditioning_x_switching_interaction,factorial,heldout,2,judge_correct,-0.1,-0.3,0.0,0.6125,10
conditioned_minus_generic,fixed,heldout,3,em,0.4,0.1,0.7,0.0174,10
conditioned_minus_generic,switching,heldout,3,em,0.2,0.0,0.5,0.227,10
switching_minus_fixed,conditioned,heldout,3,em,-0.3,-0.6,-0.1,0.0703,10
switching_minus_fixed,generic,heldout,3,em,-0.1,-0.3,0.0,0.6104,10
conditioning_x_switching_interaction,factorial,heldout,3,em,-0.2,-0.5,0.0,0.2251,10
conditioned_minus_generic,fixed,heldout,3,f1,0.4,0.1,0.7,0.0174,10
conditioned_minus_generic,switching,heldout,3,f1,0.25,0.0,0.5,0.0806,10
switching_minus_fixed,conditioned,heldout,3,f1,-0.25,-0.6,0.05,0.1691,10
switching_minus_fixed,generic,heldout,3,f1,-0.1,-0.3,0.0,0.6104,10
conditioning_x_switching_interaction,factorial,heldout,3,f1,-0.15,-0.45,0.1,0.3882,10
conditioned_minus_generic,fixed,heldout,3,judge_correct,0.7,0.4,1.0,0.0,10
conditioned_minus_generic,switching,heldout,3,judge_correct,0.8,0.5,1.0,0.0,10
switching_minus_fixed,conditioned,heldout,3,judge_correct,0.0,0.0,0.0,1.0,10
switching_minus_fixed,generic,heldout,3,judge_correct,-0.1,-0.3,0.0,0.6197,10
conditioning_x_switching_interaction,factorial,heldout,3,judge_correct,0.1,0.0,0.3,0.6128,10
conditioned_minus_generic,fixed,heldout,4,em,0.3,0.0,0.6,0.0735,10
conditioned_minus_generic,switching,heldout,4,em,0.3,0.0,0.6,0.0738,10
switching_minus_fixed,conditioned,heldout,4,em,-0.1,-0.4,0.2,0.7698,10
switching_minus_fixed,generic,heldout,4,em,-0.1,-0.3,0.0,0.6104,10
conditioning_x_switching_interaction,factorial,heldout,4,em,0.0,-0.3,0.3,1.0,10
conditioned_minus_generic,fixed,heldout,4,f1,0.35,0.1,0.65,0.0191,10
conditioned_minus_generic,switching,heldout,4,f1,0.35,0.1,0.65,0.0213,10
switching_minus_fixed,conditioned,heldout,4,f1,-0.1,-0.45,0.25,0.6934,10
switching_minus_fixed,generic,heldout,4,f1,-0.1,-0.3,0.0,0.6104,10
conditioning_x_switching_interaction,factorial,heldout,4,f1,0.0,-0.3,0.3,1.0,10
conditioned_minus_generic,fixed,heldout,4,judge_correct,0.7,0.4,1.0,0.0,10
conditioned_minus_generic,switching,heldout,4,judge_correct,0.8,0.5,1.0,0.0,10
switching_minus_fixed,conditioned,heldout,4,judge_correct,0.0,0.0,0.0,1.0,10
switching_minus_fixed,generic,heldout,4,judge_correct,-0.1,-0.3,0.0,0.6197,10
conditioning_x_switching_interaction,factorial,heldout,4,judge_correct,0.1,0.0,0.3,0.6128,10
conditioned_minus_generic,fixed,heldout,5,em,0.3,0.0,0.6,0.0735,10
conditioned_minus_generic,switching,heldout,5,em,0.3,0.0,0.6,0.0806,10
switching_minus_fixed,conditioned,heldout,5,em,0.0,-0.4,0.4,1.0,10
switching_minus_fixed,generic,heldout,5,em,0.0,0.0,0.0,1.0,10
conditioning_x_switching_interaction,factorial,heldout,5,em,0.0,-0.4,0.4,1.0,10
conditioned_minus_generic,fixed,heldout,5,f1,0.3,0.0,0.6,0.0735,10
conditioned_minus_generic,switching,heldout,5,f1,0.3,0.0,0.6,0.0806,10
switching_minus_fixed,conditioned,heldout,5,f1,0.0,-0.4,0.4,1.0,10
switching_minus_fixed,generic,heldout,5,f1,0.0,0.0,0.0,1.0,10
conditioning_x_switching_interaction,factorial,heldout,5,f1,0.0,-0.4,0.4,1.0,10
conditioned_minus_generic,fixed,heldout,5,judge_correct,0.6,0.3,0.9,0.0002,10
conditioned_minus_generic,switching,heldout,5,judge_correct,0.6,0.3,0.9,0.0002,10
switching_minus_fixed,conditioned,heldout,5,judge_correct,-0.1,-0.4,0.2,0.7743,10
switching_minus_fixed,generic,heldout,5,judge_correct,-0.1,-0.3,0.0,0.6197,10
conditioning_x_switching_interaction,factorial,heldout,5,judge_correct,0.0,-0.4,0.4,1.0,10
conditioned_minus_generic,fixed,heldout,6,em,0.4,0.1,0.7,0.0174,10
conditioned_minus_generic,switching,heldout,6,em,0.1,0.0,0.3,0.6116,10
switching_minus_fixed,conditioned,heldout,6,em,-0.3,-0.6,0.0,0.074,10
switching_minus_fixed,generic,heldout,6,em,0.0,0.0,0.0,1.0,10
conditioning_x_switching_interaction,factorial,heldout,6,em,-0.3,-0.6,0.0,0.0718,10
conditioned_minus_generic,fixed,heldout,6,f1,0.4,0.1,0.7,0.0174,10
conditioned_minus_generic,switching,heldout,6,f1,0.17857142857142858,0.0,0.4,0.078,10
switching_minus_fixed,conditioned,heldout,6,f1,-0.22142857142857145,-0.5,0.028571428571428574,0.1136,10
switching_minus_fixed,generic,heldout,6,f1,0.0,0.0,0.0,1.0,10
conditioning_x_switching_interaction,factorial,heldout,6,f1,-0.22142857142857145,-0.5,0.014285714285714301,0.1079,10
conditioned_minus_generic,fixed,heldout,6,judge_correct,0.6,0.3,0.9,0.0002,10
conditioned_minus_generic,switching,heldout,6,judge_correct,0.7,0.4,1.0,0.0,10
switching_minus_fixed,conditioned,heldout,6,judge_correct,0.0,-0.3,0.3,1.0,10
switching_minus_fixed,generic,heldout,6,judge_correct,-0.1,-0.3,0.0,0.6197,10
conditioning_x_switching_interaction,factorial,heldout,6,judge_correct,0.1,-0.2,0.4,0.7595,10
