dataset,context_variant,depth,metric,delta,lo,hi,p_value,n
hotpotqa,full,1,em,0.05,0.0,0.13333333333333333,0.2509,30
hotpotqa,full,1,f1,0.09395502645502646,0.01571428571428572,0.19772652116402115,0.047,30
hotpotqa,full,1,judge_correct,0.03333333333333333,0.0,0.1,0.6302,30
hotpotqa,full,2,em,-0.05,-0.13333333333333333,0.0,0.2495,30
hotpotqa,full,2,f1,0.012116402116402115,-0.04777777777777779,0.07619973544973531,0.6884,30
hotpotqa,full,2,judge_correct,0.0,-0.05,0.05,1.0,30
hotpotqa,full,3,em,0.0,-0.1,0.1,1.0,30
hotpotqa,full,3,f1,0.04366522366522366,-0.03873412698412695,0.14255411255411257,0.3452,30
hotpotqa,full,3,judge_correct,0.0,-0.05,0.05,1.0,30
hotpotqa,full,4,em,-0.016666666666666666,-0.13333333333333333,0.08374999999999393,0.8763,30
hotpotqa,full,4,f1,0.01556998556998557,-0.0741125541125541,0.12082251082251082,0.7708,30
hotpotqa,full,4,judge_correct,-0.016666666666666666,-0.05,0.0,0.6174,30
hotpotqa,full,5,em,-0.03333333333333333,-0.13333333333333333,0.06666666666666667,0.6129,30
hotpotqa,full,5,f1,0.013913308913308916,-0.07698412698412699,0.11790598290598289,0.7722,30
hotpotqa,full,5,judge_correct,0.0,-0.05,0.05,1.0,30
hotpotqa,full,6,em,-0.016666666666666666,-0.1,0.06666666666666667,0.8433,30
hotpotqa,full,6,f1,0.02454822954822955,-0.060000000000000005,0.12494566544566546,0.6103,30
hotpotqa,full,6,judge_correct,0.0,-0.05,0.05,1.0,30
hotpotqa,full,7,em,0.0,-0.08333333333333333,0.1,1.0,30
hotpotqa,full,7,f1,0.0301037851037851,-0.05611111111111112,0.13095299145299144,0.5333,30
hotpotqa,full,7,judge_correct,0.0,-0.05,0.05,1.0,30
hotpotqa,full,8,em,-0.03333333333333333,-0.11666666666666667,0.06666666666666667,0.5689,30
hotpotqa,full,8,f1,0.018095238095238098,-0.06841865079365074,0.12032142857142852,0.7124,30
hotpotqa,full,8,judge_correct,-0.016666666666666666,-0.06666666666666667,0.03333333333333333,0.7628,30
hotpotqa,full,9,em,0.0,-0.08333333333333333,0.1,1.0,30
hotpotqa,full,9,f1,0.019682539682539683,-0.06509325396825386,0.11913492063492051,0.6766,30
hotpotqa,full,9,judge_correct,-0.03333333333333333,-0.08333333333333333,0.0,0.2595,30
hotpotqa,full,10,em,-0.016666666666666666,-0.1,0.06666666666666667,0.8433,30
hotpotqa,full,10,f1,0.013913308913308916,-0.07021428571428573,0.1139133089133089,0.7603,30
hotpotqa,full,10,judge_correct,-0.03333333333333333,-0.08333333333333333,0.0,0.2595,30
hotpotqa,medium,1,em,-0.06666666666666667,-0.13333333333333333,-0.016666666666666666,0.0516,30
hotpotqa,medium,1,f1,-0.014126984126984128,-0.07246031746031747,0.054761904761904755,0.6555,30
hotpotqa,medium,1,judge_correct,-0.016666666666666666,-0.05,0.0,0.629,30
hotpotqa,medium,2,em,-0.1,-0.2,-0.016666666666666666,0.0309,30
hotpotqa,medium,2,f1,-0.027777777777777783,-0.08611111111111112,0.03111111111111111,0.3358,30
hotpotqa,medium,2,judge_correct,-0.016666666666666666,-0.08333333333333333,0.03333333333333333,0.756,30
hotpotqa,medium,3,em,-0.06666666666666667,-0.15,0.00041666666666060335,0.1378,30
hotpotqa,medium,3,f1,-0.042777777777777776,-0.10777777777777778,0.021666666666666664,0.1853,30
hotpotqa,medium,3,judge_correct,-0.05,-0.11666666666666667,0.0,0.1199,30
hotpotqa,medium,4,em,-0.03333333333333333,-0.11666666666666667,0.06666666666666667,0.579,30
hotpotqa,medium,4,f1,-0.011031746031746024,-0.07278968253968245,0.05238095238095239,0.7251,30
hotpotqa,medium,4,judge_correct,-0.016666666666666666,-0.08333333333333333,0.03333333333333333,0.7659,30
hotpotqa,medium,5,em,-0.06666666666666667,-0.18333333333333332,0.05,0.2891,30
hotpotqa,medium,5,f1,-0.031031746031746018,-0.10222222222222221,0.0407142857142857,0.3892,30
hotpotqa,medium,5,judge_correct,-0.03333333333333333,-0.1,0.03333333333333333,0.4456,30
hotpotqa,medium,6,em,-0.06666666666666667,-0.18333333333333332,0.05,0.2891,30
hotpotqa,medium,6,f1,-0.041666666666666664,-0.11000000000000001,0.027777777777777776,0.2335,30
hotpotqa,medium,6,judge_correct,-0.05,-0.11666666666666667,0.0,0.1199,30
hotpotqa,medium,7,em,-0.06666666666666667,-0.18333333333333332,0.05,0.2891,30
hotpotqa,medium,7,f1,-0.040370370370370376,-0.11259259259259259,0.031851851851851846,0.2697,30
hotpotqa,medium,7,judge_correct,-0.06666666666666667,-0.13333333333333333,-0.016666666666666666,0.0531,30
hotpotqa,medium,8,em,-0.06666666666666667,-0.18333333333333332,0.05,0.2891,30
hotpotqa,medium,8,f1,-0.05592592592592592,-0.12814814814814815,0.017226851851851792,0.1267,30
hotpotqa,medium,8,judge_correct,-0.06666666666666667,-0.13333333333333333,-0.016666666666666666,0.0531,30
hotpotqa,medium,9,em,-0.1,-0.21666666666666667,0.0,0.0949,30
hotpotqa,medium,9,f1,-0.0587037037037037,-0.1285370370370369,0.010930555555555483,0.1022,30
hotpotqa,medium,9,judge_correct,-0.06666666666666667,-0.13333333333333333,-0.016666666666666666,0.0531,30
hotpotqa,medium,10,em,-0.06666666666666667,-0.18333333333333332,0.05,0.3307,30
hotpotqa,medium,10,f1,-0.035370370370370365,-0.10167129629629626,0.030740740740740746,0.291,30
hotpotqa,medium,10,judge_correct,-0.05,-0.1,0.0,0.1179,30
hotpotqa,short,1,em,-0.03333333333333333,-0.1,0.0,0.612,30
hotpotqa,short,1,f1,-0.03404761904761904,-0.11095238095238094,0.01904761904761905,0.3346,30
hotpotqa,short,1,judge_correct,0.016666666666666666,0.0,0.05,0.6302,30
hotpotqa,short,2,em,-0.08333333333333333,-0.2,0.016666666666666666,0.1526,30
hotpotqa,short,2,f1,-0.07793650793650793,-0.1826190476190476,0.0029384920634920315,0.0952,30
hotpotqa,short,2,judge_correct,0.0,-0.05,0.05,1.0,30
hotpotqa,short,3,em,-0.05,-0.13333333333333333,0.016666666666666666,0.3185,30
hotpotqa,short,3,f1,-0.035952380952380944,-0.11928571428571427,0.03405357142857136,0.3518,30
hotpotqa,short,3,judge_correct,0.016666666666666666,-0.05,0.1,0.8553,30
hotpotqa,short,4,em,-0.03333333333333333,-0.11666666666666667,0.03333333333333333,0.5277,30
hotpotqa,short,4,f1,-0.03238095238095237,-0.11714285714285715,0.03904761904761906,0.4177,30
hotpotqa,short,4,judge_correct,0.016666666666666666,-0.05,0.1,0.8553,30
hotpotqa,short,5,em,-0.03333333333333333,-0.13333333333333333,0.05,0.5792,30
hotpotqa,short,5,f1,-0.04849206349206348,-0.13857142857142854,0.026190476190476195,0.2426,30
hotpotqa,short,5,judge_correct,0.016666666666666666,-0.05,0.1,0.8553,30
hotpotqa,short,6,em,-0.06666666666666667,-0.16666666666666666,0.016666666666666666,0.1896,30
hotpotqa,short,6,f1,-0.06238095238095238,-0.15095238095238095,0.011428571428571436,0.1341,30
hotpotqa,short,6,judge_correct,0.016666666666666666,-0.05,0.1,0.8553,30
hotpotqa,short,7,em,-0.08333333333333333,-0.16666666666666666,-0.016666666666666666,0.0618,30
hotpotqa,short,7,f1,-0.06650793650793649,-0.15619246031746026,0.010878968253968184,0.1161,30
hotpotqa,short,7,judge_correct,0.016666666666666666,-0.05,0.1,0.8553,30
hotpotqa,short,8,em,-0.08333333333333333,-0.2,0.016666666666666666,0.1515,30
hotpotqa,short,8,f1,-0.0814285714285714,-0.19166666666666668,0.008333333333333344,0.104,30
hotpotqa,short,8,judge_correct,0.016666666666666666,-0.05,0.1,0.8553,30
hotpotqa,short,9,em,-0.08333333333333333,-0.2,0.016666666666666666,0.1928,30
hotpotqa,short,9,f1,-0.08658730158730157,-0.18349206349206348,-0.001587301587301589,0.0635,30
hotpotqa,short,9,judge_correct,0.0,-0.06666666666666667,0.08333333333333333,1.0,30
hotpotqa,short,10,em,-0.1,-0.21666666666666667,0.0,0.0895,30
hotpotqa,short,10,f1,-0.10658730158730159,-0.20825595238095232,-0.014123015873015926,0.032,30
hotpotqa,short,10,judge_correct,0.0,-0.06666666666666667,0.08333333333333333,1.0,30
musique,full,1,em,0.05,-0.06666666666666667,0.18333333333333332,0.5045,30
musique,full,1,f1,0.0849827024827025,-0.053491376678876684,0.2268761192511191,0.2247,30
musique,full,1,judge_correct,0.05,-0.1,0.2,0.5835,30
musique,full,2,em,0.03333333333333333,-0.11666666666666667,0.18333333333333332,0.7378,30
musique,full,2,f1,0.07777777777777778,-0.07972222222222222,0.23032572751322739,0.3254,30
musique,full,2,judge_correct,0.03333333333333333,-0.11666666666666667,0.18333333333333332,0.7501,30
musique,full,3,em,0.03333333333333333,-0.11666666666666667,0.18333333333333332,0.7378,30
musique,full,3,f1,0.0803968253968254,-0.0781762566137566,0.2347228835978836,0.3131,30
musique,full,3,judge_correct,0.03333333333333333,-0.11666666666666667,0.18333333333333332,0.7447,30
musique,full,4,em,0.03333333333333333,-0.13333333333333333,0.2,0.7606,30
musique,full,4,f1,0.0643807118807119,-0.09518750000000001,0.22107181938431933,0.4206,30
musique,full,4,judge_correct,0.016666666666666666,-0.15,0.18333333333333332,0.9188,30
musique,full,5,em,0.05,-0.1,0.2,0.6009,30
musique,full,5,f1,0.07932539682539684,-0.08016236772486769,0.2354153439153438,0.3183,30
musique,full,5,judge_correct,0.016666666666666666,-0.13333333333333333,0.16666666666666666,0.9117,30
musique,full,6,em,0.03333333333333333,-0.11666666666666667,0.18333333333333332,0.7378,30
musique,full,6,f1,0.06126984126984127,-0.09516335978835976,0.21580753968253968,0.4301,30
musique,full,6,judge_correct,0.0,-0.15,0.15,1.0,30
musique,full,7,em,0.016666666666666666,-0.13333333333333333,0.16666666666666666,0.9187,30
musique,full,7,f1,0.04255291005291005,-0.11273809523809522,0.19648214285714283,0.5868,30
musique,full,7,judge_correct,-0.03333333333333333,-0.18333333333333332,0.11666666666666667,0.7448,30
musique,full,8,em,0.03333333333333333,-0.1,0.16666666666666666,0.6992,30
musique,full,8,f1,0.08183235867446395,-0.05815719855193536,0.22324256822612082,0.2485,30
musique,full,8,judge_correct,0.016666666666666666,-0.11666666666666667,0.16666666666666666,0.9087,30
musique,full,9,em,0.03333333333333333,-0.11666666666666667,0.18333333333333332,0.7378,30
musique,full,9,f1,0.06140211640211641,-0.09477744708994708,0.2173167989417989,0.4309,30
musique,full,9,judge_correct,0.016666666666666666,-0.13333333333333333,0.16666666666666666,0.9123,30
musique,full,10,em,0.06666666666666667,-0.06708333333332964,0.21666666666666667,0.4262,30
musique,full,10,f1,0.07953077137287663,-0.06358563074352547,0.22706944444444435,0.2758,30
musique,full,10,judge_correct,-0.016666666666666666,-0.16666666666666666,0.15,0.9105,30
musique,medium,1,em,0.05,0.0,0.13333333333333333,0.2571,30
musique,medium,1,f1,0.06398380972849058,-0.011212379621954096,0.15652567148178845,0.1319,30
musique,medium,1,judge_correct,0.05,-0.05,0.15,0.4375,30
musique,medium,2,em,0.016666666666666666,-0.11666666666666667,0.15,0.8956,30
musique,medium,2,f1,0.041550671550671554,-0.08694246031746032,0.17100419719169704,0.5276,30
musique,medium,2,judge_correct,0.016666666666666666,-0.13333333333333333,0.15,0.9079,30
musique,medium,3,em,-0.03333333333333333,-0.16666666666666666,0.1,0.7031,30
musique,medium,3,f1,0.0005820105820105799,-0.12244775132275133,0.12224999999999998,0.992,30
musique,medium,3,judge_correct,0.0,-0.13333333333333333,0.13333333333333333,1.0,30
musique,medium,4,em,-0.016666666666666666,-0.11666666666666667,0.06666666666666667,0.8676,30
musique,medium,4,f1,-0.004603174603174609,-0.1229375,0.10956349206349206,0.9395,30
musique,medium,4,judge_correct,-0.016666666666666666,-0.15,0.11666666666666667,0.9042,30
musique,medium,5,em,-0.03333333333333333,-0.11666666666666667,0.03333333333333333,0.5249,30
musique,medium,5,f1,-0.01789677184414027,-0.09237753973609238,0.054947752661568434,0.632,30
musique,medium,5,judge_correct,0.03333333333333333,-0.08333333333333333,0.15,0.6575,30
musique,medium,6,em,-0.03333333333333333,-0.11666666666666667,0.05,0.5268,30
musique,medium,6,f1,-0.019325396825396822,-0.1039355158730158,0.06305853174603171,0.6463,30
musique,medium,6,judge_correct,-0.016666666666666666,-0.11666666666666667,0.08333333333333333,0.8663,30
musique,medium,7,em,-0.05,-0.16666666666666666,0.05,0.4346,30
musique,medium,7,f1,-0.021283068783068786,-0.13570138888888889,0.08677380952380953,0.705,30
musique,medium,7,judge_correct,0.016666666666666666,-0.11666666666666667,0.15,0.8961,30
musique,medium,8,em,-0.05,-0.16666666666666666,0.05,0.4346,30
musique,medium,8,f1,-0.030608465608465606,-0.13994378306878302,0.06631845238095224,0.5602,30
musique,medium,8,judge_correct,-0.05,-0.16666666666666666,0.06666666666666667,0.4838,30
musique,medium,9,em,-0.06666666666666667,-0.18333333333333332,0.016666666666666666,0.2445,30
musique,medium,9,f1,-0.02785714285714286,-0.13757936507936508,0.07698511904761902,0.6073,30
musique,medium,9,judge_correct,-0.03333333333333333,-0.16666666666666666,0.1,0.7076,30
musique,medium,10,em,-0.06666666666666667,-0.18333333333333332,0.016666666666666666,0.2445,30
musique,medium,10,f1,-0.024523809523809524,-0.13833432539682539,0.08365376984126978,0.6662,30
musique,medium,10,judge_correct,-0.03333333333333333,-0.16666666666666666,0.1,0.7006,30
musique,short,1,em,-0.06666666666666667,-0.2,0.06666666666666667,0.3909,30
musique,short,1,f1,-0.0457046657046657,-0.19133958633958623,0.08804840067340063,0.519,30
musique,short,1,judge_correct,0.016666666666666666,-0.13333333333333333,0.15,0.9066,30
musique,short,2,em,-0.03333333333333333,-0.13333333333333333,0.06666666666666667,0.6165,30
musique,short,2,f1,-0.010247715247715247,-0.12098602092352086,0.09479262866762866,0.8526,30
musique,short,2,judge_correct,0.03333333333333333,-0.1,0.16666666666666666,0.7156,30
musique,short,3,em,0.0,-0.1,0.1,1.0,30
musique,short,3,f1,0.001027676027676024,-0.11486815730565729,0.11183885327635328,0.9843,30
musique,short,3,judge_correct,0.03333333333333333,-0.1,0.16666666666666666,0.7186,30
musique,short,4,em,-0.03333333333333333,-0.15,0.08333333333333333,0.6548,30
musique,short,4,f1,-0.0012444037444037438,-0.11872204415954414,0.1101690577940578,0.9837,30
musique,short,4,judge_correct,0.05,-0.08333333333333333,0.18333333333333332,0.5455,30
musique,short,5,em,-0.05,-0.15,0.05,0.4359,30
musique,short,5,f1,-0.029412901912901912,-0.14619187525437524,0.08155084961334959,0.6138,30
musique,short,5,judge_correct,0.016666666666666666,-0.13333333333333333,0.15,0.9044,30
musique,short,6,em,0.0,-0.11666666666666667,0.11666666666666667,1.0,30
musique,short,6,f1,0.023143300055064753,-0.09661904761904762,0.13421928044722162,0.7025,30
musique,short,6,judge_correct,0.06666666666666667,-0.06666666666666667,0.2,0.4011,30
musique,short,7,em,-0.05,-0.13333333333333333,0.05,0.3811,30
musique,short,7,f1,-0.02957163207163207,-0.1273914072039072,0.0712632275132275,0.5598,30
musique,short,7,judge_correct,0.016666666666666666,-0.1,0.13333333333333333,0.889,30
musique,short,8,em,-0.05,-0.16666666666666666,0.06666666666666667,0.4751,30
musique,short,8,f1,-0.029885022385022386,-0.15490783984533985,0.09008259564509555,0.6408,30
musique,short,8,judge_correct,0.016666666666666666,-0.13333333333333333,0.16666666666666666,0.9126,30
musique,short,9,em,-0.05,-0.16666666666666666,0.06666666666666667,0.4751,30
musique,short,9,f1,-0.020070207570207575,-0.1449501678876679,0.09660485347985343,0.7488,30
musique,short,9,judge_correct,0.03333333333333333,-0.11666666666666667,0.18333333333333332,0.7456,30
musique,short,10,em,-0.05,-0.16666666666666666,0.06666666666666667,0.4751,30
musique,short,10,f1,-0.026922059422059424,-0.1539545685795685,0.09482893264143252,0.6763,30
musique,short,10,judge_correct,0.016666666666666666,-0.13333333333333333,0.16666666666666666,0.9161,30
