comparison,condition,k,f,depth,metric,delta,lo,hi,p_value,n
depth_minus_depth0,k2_f0,2,0,1,em,0.0,0.0,0.0,1.0,2
depth_minus_depth0,k2_f0,2,0,1,f1,0.0,0.0,0.0,1.0,2
depth_minus_depth0,k2_f0,2,0,3,em,-0.5,-0.5,-0.5,0.0,2
depth_minus_depth0,k2_f0,2,0,3,f1,-0.41666666666666663,-0.5,-0.33333333333333326,0.0,2
depth_minus_depth0,k2_f0,2,0,5,em,-0.75,-1.0,-0.5,0.0,2
depth_minus_depth0,k2_f0,2,0,5,f1,-0.75,-1.0,-0.5,0.0,2
depth_minus_depth0,k2_f5,2,5,1,em,-0.25,-0.5,0.0,0.5006,2
depth_minus_depth0,k2_f5,2,5,1,f1,-0.25,-0.5,0.0,0.5006,2
depth_minus_depth0,k2_f5,2,5,3,em,-0.5,-0.5,-0.5,0.0,2
depth_minus_depth0,k2_f5,2,5,3,f1,-0.5,-0.5,-0.5,0.0,2
depth_minus_depth0,k2_f5,2,5,5,em,-0.75,-1.0,-0.5,0.0,2
depth_minus_depth0,k2_f5,2,5,5,f1,-0.71875,-0.9375,-0.5,0.0,2
depth_minus_depth0,k2_f10,2,10,1,em,0.0,-0.5,0.5,1.0,2
depth_minus_depth0,k2_f10,2,10,1,f1,0.1166666666666667,-0.06666666666666665,0.30000000000000004,0.5006,2
depth_minus_depth0,k2_f10,2,10,3,em,-0.25,-0.5,0.0,0.5006,2
depth_minus_depth0,k2_f10,2,10,3,f1,-0.30208333333333337,-0.40416666666666673,-0.19999999999999996,0.0,2
depth_minus_depth0,k2_f10,2,10,5,em,-0.25,-0.5,0.0,0.5006,2
depth_minus_depth0,k2_f10,2,10,5,f1,-0.09999999999999998,-0.19999999999999996,0.0,0.5006,2
depth_minus_depth0,k5_f0,5,0,1,em,-0.09999999999999998,-0.19999999999999996,0.0,0.5006,2
depth_minus_depth0,k5_f0,5,0,1,f1,-0.05999999999999994,-0.11999999999999988,0.0,0.5006,2
depth_minus_depth0,k5_f0,5,0,3,em,-0.2,-0.20000000000000007,-0.19999999999999996,0.0,2
depth_minus_depth0,k5_f0,5,0,3,f1,-0.11428571428571416,-0.19999999999999984,-0.02857142857142847,0.0,2
depth_minus_depth0,k5_f0,5,0,5,em,-0.2,-0.20000000000000007,-0.19999999999999996,0.0,2
depth_minus_depth0,k5_f0,5,0,5,f1,-0.15999999999999992,-0.29142857142857137,-0.02857142857142847,0.0,2
depth_minus_depth0,k5_f5,5,5,1,em,5.551115123125783e-17,-0.19999999999999996,0.20000000000000007,0.5006,2
depth_minus_depth0,k5_f5,5,5,1,f1,5.551115123125783e-17,-0.02857142857142847,0.02857142857142858,0.5006,2
depth_minus_depth0,k5_f5,5,5,3,em,-0.3,-0.4,-0.19999999999999996,0.0,2
depth_minus_depth0,k5_f5,5,5,3,f1,-0.14000000000000007,-0.14857142857142858,-0.13142857142857156,0.0,2
depth_minus_depth0,k5_f5,5,5,5,em,-0.3,-0.6,0.0,0.5006,2
depth_minus_depth0,k5_f5,5,5,5,f1,-0.22000000000000003,-0.34857142857142853,-0.09142857142857153,0.0,2
depth_minus_depth0,k5_f10,5,10,1,em,0.2,0.19999999999999996,0.20000000000000007,0.0,2
depth_minus_depth0,k5_f10,5,10,1,f1,-0.038095238095238015,-0.10476190476190472,0.028571428571428692,0.5006,2
depth_minus_depth0,k5_f10,5,10,3,em,-0.2,-0.4,0.0,0.5006,2
depth_minus_depth0,k5_f10,5,10,3,f1,-0.2473809523809523,-0.3614285714285713,-0.1333333333333333,0.0,2
depth_minus_depth0,k5_f10,5,10,5,em,0.0,0.0,0.0,1.0,2
depth_minus_depth0,k5_f10,5,10,5,f1,-0.15238095238095228,-0.17142857142857126,-0.1333333333333333,0.0,2
depth_minus_depth0,k10_f0,10,0,1,em,-0.4,-0.5,-0.30000000000000004,0.0,2
depth_minus_depth0,k10_f0,10,0,1,f1,-0.44375,-0.49999999999999994,-0.38749999999999996,0.0,2
depth_minus_depth0,k10_f0,10,0,3,em,-0.35000000000000003,-0.4,-0.30000000000000004,0.0,2
depth_minus_depth0,k10_f0,10,0,3,f1,-0.4004166666666666,-0.4674999999999999,-0.33333333333333326,0.0,2
depth_minus_depth0,k10_f0,10,0,5,em,-0.4,-0.4,-0.4,0.0,2
depth_minus_depth0,k10_f0,10,0,5,f1,-0.44613095238095235,-0.4589285714285714,-0.43333333333333324,0.0,2
depth_minus_depth0,k10_f5,10,5,1,em,-0.65,-0.8,-0.5,0.0,2
depth_minus_depth0,k10_f5,10,5,1,f1,-0.6800366300366301,-0.7600732600732601,-0.6,0.0,2
depth_minus_depth0,k10_f5,10,5,3,em,-0.65,-0.8,-0.5,0.0,2
depth_minus_depth0,k10_f5,10,5,3,f1,-0.7516666666666667,-0.8257142857142857,-0.6776190476190476,0.0,2
depth_minus_depth0,k10_f5,10,5,5,em,-0.65,-0.8,-0.5,0.0,2
depth_minus_depth0,k10_f5,10,5,5,f1,-0.6795555555555556,-0.8137142857142858,-0.5453968253968253,0.0,2
depth_minus_depth0,k10_f10,10,10,1,em,-0.6,-0.7,-0.5,0.0,2
depth_minus_depth0,k10_f10,10,10,1,f1,-0.5654761904761905,-0.6666666666666667,-0.4642857142857142,0.0,2
depth_minus_depth0,k10_f10,10,10,3,em,-0.6,-0.7,-0.5,0.0,2
depth_minus_depth0,k10_f10,10,10,3,f1,-0.60375,-0.7,-0.5075,0.0,2
depth_minus_depth0,k10_f10,10,10,5,em,-0.65,-0.7,-0.6000000000000001,0.0,2
depth_minus_depth0,k10_f10,10,10,5,f1,-0.6270833333333333,-0.6666666666666667,-0.5874999999999999,0.0,2
