mode,from_stage,to_stage,depth,edge_type,n,lexical_similarity,lexical_similarity_lo,lexical_similarity_hi,lexical_change,lexical_change_lo,lexical_change_hi,novel_token_rate,novel_token_rate_lo,novel_token_rate_hi,ngram_copy_rate,ngram_copy_rate_lo,ngram_copy_rate_hi,retained_token_rate,retained_token_rate_lo,retained_token_rate_hi,length_ratio,length_ratio_lo,length_ratio_hi,semantic_preserved,semantic_preserved_lo,semantic_preserved_hi,fact_A_survived,fact_A_survived_lo,fact_A_survived_hi,fact_B_survived,fact_B_survived_lo,fact_B_survived_hi,fact_A_lost_here,fact_A_lost_here_lo,fact_A_lost_here_hi,fact_B_lost_here,fact_B_lost_here_lo,fact_B_lost_here_hi,target_f1,target_f1_lo,target_f1_hi,heldout_f1,heldout_f1_lo,heldout_f1_hi,target_judge_correct,target_judge_correct_lo,target_judge_correct_hi,heldout_judge_correct,heldout_judge_correct_lo,heldout_judge_correct_hi,label_target_benign_paraphrase,label_target_critical_detail_loss,label_target_information_loss,label_target_semantic_drift,label_target_verbatim_copy,label_target_unresolved
conditioned,0,1,1,source_compression,10,0.4424,0.3193,0.5742,0.5576,0.4258,0.6807,0.289,0.1767,0.4096,0.1391,0.0656,0.2197,0.3758,0.2356,0.5316,0.6185,0.381,0.8544,0.4,0.15,0.7,0.8,0.5,1.0,0.3,0.0,0.6,0.2,0.0,0.5,0.7,0.4,1.0,0.8367,0.71,0.95,0.35,0.1,0.65,1.0,1.0,1.0,0.4,0.1,0.7,0.2,0.1,0.0,0.7,0.0,0.0
conditioned,1,2,2,message_rewrite,10,0.8403,0.7594,0.912,0.1597,0.088,0.2406,0.1545,0.0613,0.2714,0.628,0.4453,0.7941,0.8661,0.7892,0.9324,1.0992,0.8794,1.4186,0.95,0.85,1.0,0.8,0.5,1.0,0.3,0.0,0.6,0.0,0.0,0.0,0.0,0.0,0.0,0.63,0.355,0.875,0.25,0.0,0.5,0.7,0.4,1.0,0.3,0.0,0.6,0.4,0.2,0.0,0.1,0.3,0.0
conditioned,2,3,3,message_rewrite,10,0.875,0.782,0.9492,0.125,0.0508,0.218,0.0982,0.0183,0.1956,0.8301,0.694,0.9437,0.8924,0.7642,0.9811,1.0382,0.8313,1.262,0.9,0.75,1.0,0.8,0.5,1.0,0.3,0.0,0.6,0.0,0.0,0.0,0.0,0.0,0.0,0.67,0.415,0.89,0.25,0.0,0.5,0.8,0.5,1.0,0.3,0.0,0.6,0.5,0.0,0.1,0.1,0.3,0.0
conditioned,3,4,4,message_rewrite,10,0.8454,0.7489,0.9229,0.1546,0.0771,0.2511,0.133,0.0437,0.2649,0.6614,0.4944,0.8179,0.8728,0.7863,0.9533,1.2233,0.8631,1.8144,1.0,1.0,1.0,0.8,0.5,1.0,0.3,0.0,0.6,0.0,0.0,0.0,0.0,0.0,0.0,0.795,0.57,0.96,0.4167,0.15,0.7,0.9,0.7,1.0,0.4,0.1,0.7,0.6,0.1,0.0,0.0,0.3,0.0
conditioned,4,5,5,message_rewrite,10,0.9074,0.8107,0.9765,0.0926,0.0235,0.1893,0.0302,0.0059,0.0618,0.8568,0.671,0.9721,0.8795,0.7393,0.9848,0.898,0.7375,1.0255,0.95,0.85,1.0,0.8,0.5,1.0,0.3,0.0,0.6,0.0,0.0,0.0,0.0,0.0,0.0,0.6867,0.4267,0.9067,0.55,0.25,0.85,0.8,0.5,1.0,0.6,0.3,0.9,0.2,0.1,0.0,0.1,0.6,0.0
conditioned,5,6,6,message_rewrite,10,0.9483,0.8831,1.0,0.0517,0.0,0.1169,0.0285,0.0,0.0657,0.8334,0.6399,1.0,0.9342,0.8437,1.0,0.9597,0.8712,1.0104,1.0,1.0,1.0,0.8,0.5,1.0,0.3,0.0,0.6,0.0,0.0,0.0,0.0,0.0,0.0,0.7067,0.44,0.94,0.45,0.15,0.75,0.8,0.5,1.0,0.5,0.2,0.8,0.2,0.0,0.0,0.0,0.8,0.0
conditioned,6,7,7,message_rewrite,10,0.9274,0.8588,0.981,0.0726,0.019,0.1412,0.0657,0.0,0.1458,0.8328,0.6228,1.0,0.9444,0.8522,1.0,1.0371,0.8995,1.1833,0.95,0.85,1.0,0.8,0.5,1.0,0.2,0.0,0.5,0.0,0.0,0.0,0.1,0.0,0.3,0.6867,0.4267,0.9067,0.4167,0.15,0.7,0.8,0.5,1.0,0.4,0.1,0.7,0.3,0.0,0.0,0.1,0.6,0.0
conditioned,7,8,8,message_rewrite,10,0.954,0.9086,0.9927,0.046,0.0073,0.0914,0.0437,0.0049,0.0952,0.8232,0.6437,0.9733,0.9537,0.9036,0.9941,1.0029,0.9742,1.0336,1.0,1.0,1.0,0.8,0.5,1.0,0.2,0.0,0.5,0.0,0.0,0.0,0.0,0.0,0.0,0.6867,0.4267,0.9067,0.4167,0.15,0.7,0.8,0.5,1.0,0.4,0.1,0.7,0.2,0.1,0.0,0.0,0.7,0.0
conditioned,8,9,9,message_rewrite,10,0.9662,0.9121,1.0,0.0338,0.0,0.0879,0.0259,0.0,0.0729,0.9229,0.7804,1.0,0.9595,0.8903,1.0,0.9779,0.9328,1.0136,1.0,1.0,1.0,0.8,0.5,1.0,0.2,0.0,0.5,0.0,0.0,0.0,0.0,0.0,0.0,0.68,0.4263,0.9067,0.4167,0.15,0.7,0.7,0.4,1.0,0.4,0.1,0.7,0.0,0.2,0.0,0.0,0.8,0.0
conditioned,9,10,10,message_rewrite,10,0.9633,0.9223,0.9952,0.0367,0.0048,0.0777,0.0557,0.0048,0.1219,0.9088,0.8131,0.9882,0.9878,0.9753,1.0,1.0477,0.9944,1.1215,1.0,1.0,1.0,0.8,0.5,1.0,0.2,0.0,0.5,0.0,0.0,0.0,0.0,0.0,0.0,0.6867,0.4267,0.9067,0.4167,0.15,0.7,0.8,0.5,1.0,0.4,0.1,0.7,0.2,0.0,0.0,0.0,0.8,0.0
generic,0,1,1,source_compression,10,0.7108,0.6267,0.7812,0.2892,0.2188,0.3733,0.2531,0.171,0.3402,0.2742,0.1919,0.3533,0.6839,0.5943,0.7611,0.979,0.899,1.058,1.0,1.0,1.0,0.8,0.5,1.0,0.9,0.7,1.0,0.2,0.0,0.5,0.1,0.0,0.3,0.7407,0.475,0.9514,0.95,0.85,1.0,0.9,0.7,1.0,1.0,1.0,1.0,0.8,0.2,0.0,0.0,0.0,0.0
generic,1,2,2,message_rewrite,10,0.7714,0.7258,0.8141,0.2286,0.1859,0.2742,0.285,0.2069,0.3672,0.37,0.2853,0.4591,0.8634,0.818,0.9044,1.2667,1.0823,1.4616,0.9,0.75,1.0,0.8,0.5,1.0,0.9,0.7,1.0,0.0,0.0,0.0,0.0,0.0,0.0,0.7217,0.4667,0.935,0.95,0.85,1.0,0.9,0.7,1.0,1.0,1.0,1.0,0.6,0.2,0.0,0.2,0.0,0.0
generic,2,3,3,message_rewrite,10,0.9093,0.868,0.9459,0.0907,0.0541,0.132,0.0333,0.0141,0.0543,0.7662,0.677,0.8488,0.8629,0.8001,0.9187,0.8874,0.8259,0.9461,1.0,1.0,1.0,0.7,0.4,1.0,0.9,0.7,1.0,0.1,0.0,0.3,0.0,0.0,0.0,0.6324,0.3524,0.8724,0.95,0.85,1.0,0.8,0.5,1.0,1.0,1.0,1.0,0.5,0.3,0.0,0.0,0.2,0.0
generic,3,4,4,message_rewrite,10,0.8985,0.8425,0.9467,0.1015,0.0533,0.1575,0.0513,0.0264,0.0794,0.7267,0.6049,0.8368,0.8639,0.7738,0.9413,0.9205,0.8265,1.015,1.0,1.0,1.0,0.7,0.4,1.0,0.9,0.7,1.0,0.0,0.0,0.0,0.0,0.0,0.0,0.6467,0.3667,0.9,0.85,0.65,1.0,0.8,0.5,1.0,0.9,0.7,1.0,0.5,0.2,0.0,0.0,0.3,0.0
generic,4,5,5,message_rewrite,10,0.822,0.7427,0.9012,0.1779,0.0988,0.2573,0.2054,0.0838,0.3393,0.6131,0.493,0.7571,0.9037,0.8369,0.9628,1.2751,0.9714,1.62,0.85,0.7,1.0,0.7,0.4,1.0,0.9,0.7,1.0,0.0,0.0,0.0,0.0,0.0,0.0,0.6467,0.3667,0.9,0.95,0.85,1.0,0.8,0.5,1.0,1.0,1.0,1.0,0.3,0.2,0.0,0.3,0.2,0.0
generic,5,6,6,message_rewrite,10,0.9464,0.9157,0.9759,0.0536,0.024,0.0843,0.0595,0.023,0.1028,0.8031,0.6983,0.9008,0.9551,0.9211,0.9851,1.0266,0.9838,1.0924,1.0,1.0,1.0,0.7,0.4,1.0,0.9,0.7,1.0,0.0,0.0,0.0,0.0,0.0,0.0,0.6467,0.3667,0.9,0.85,0.65,1.0,0.8,0.5,1.0,0.9,0.7,1.0,0.4,0.1,0.0,0.0,0.5,0.0
generic,6,7,7,message_rewrite,10,0.9535,0.923,0.9784,0.0465,0.0216,0.077,0.0376,0.0161,0.0614,0.8423,0.7559,0.9209,0.9461,0.9032,0.9777,0.9762,0.9345,1.0078,1.0,1.0,1.0,0.7,0.4,1.0,0.9,0.7,1.0,0.0,0.0,0.0,0.0,0.0,0.0,0.6467,0.3667,0.9,0.85,0.65,1.0,0.8,0.5,1.0,0.9,0.7,1.0,0.1,0.2,0.0,0.0,0.7,0.0
generic,7,8,8,message_rewrite,10,0.9667,0.9331,0.996,0.0333,0.004,0.0669,0.0267,0.0036,0.0553,0.8774,0.746,0.9798,0.9604,0.9214,0.9958,0.9916,0.9838,0.9981,1.0,1.0,1.0,0.7,0.4,1.0,0.9,0.7,1.0,0.0,0.0,0.0,0.0,0.0,0.0,0.6467,0.3667,0.9,0.85,0.65,1.0,0.8,0.5,1.0,0.9,0.7,1.0,0.1,0.2,0.0,0.0,0.7,0.0
generic,8,9,9,message_rewrite,10,0.9742,0.9488,0.995,0.0258,0.005,0.0512,0.0279,0.0053,0.0554,0.8935,0.7919,0.9768,0.9769,0.9495,0.9963,1.0051,0.9977,1.0157,1.0,1.0,1.0,0.7,0.4,1.0,0.9,0.7,1.0,0.0,0.0,0.0,0.0,0.0,0.0,0.6467,0.3667,0.9,0.95,0.85,1.0,0.8,0.5,1.0,1.0,1.0,1.0,0.1,0.1,0.0,0.0,0.8,0.0
generic,9,10,10,message_rewrite,10,0.9173,0.8514,0.9747,0.0827,0.0253,0.1486,0.0879,0.0136,0.1731,0.8335,0.6986,0.9488,0.9431,0.8613,0.9939,1.052,0.9208,1.1847,0.95,0.85,1.0,0.7,0.4,1.0,0.9,0.7,1.0,0.0,0.0,0.0,0.0,0.0,0.0,0.6467,0.3667,0.9,0.85,0.65,1.0,0.8,0.5,1.0,0.9,0.7,1.0,0.2,0.1,0.0,0.1,0.6,0.0
paraphrase,0,1,1,source_compression,10,0.6968,0.6552,0.7322,0.3032,0.2678,0.3448,0.3507,0.3059,0.4075,0.1334,0.0899,0.1781,0.7653,0.7103,0.8124,1.2174,1.0894,1.3401,1.0,1.0,1.0,0.9,0.7,1.0,0.7,0.4,1.0,0.1,0.0,0.3,0.3,0.0,0.6,0.815,0.59,1.0,0.7,0.45,0.95,1.0,1.0,1.0,0.9,0.7,1.0,0.9,0.1,0.0,0.0,0.0,0.0
paraphrase,1,2,2,message_rewrite,10,0.954,0.93,0.9763,0.046,0.0237,0.07,0.0632,0.0314,0.096,0.8609,0.802,0.9202,0.9736,0.9468,0.9929,1.0456,1.0078,1.0883,0.95,0.85,1.0,0.9,0.7,1.0,0.7,0.4,1.0,0.0,0.0,0.0,0.0,0.0,0.0,0.84,0.6195,1.0,0.8,0.6,1.0,1.0,1.0,1.0,1.0,1.0,1.0,0.3,0.0,0.0,0.1,0.6,0.0
paraphrase,2,3,3,message_rewrite,10,0.908,0.8383,0.9634,0.092,0.0366,0.1617,0.0793,0.0239,0.1529,0.8473,0.7504,0.9294,0.9216,0.8199,0.9866,1.014,0.8541,1.1634,1.0,1.0,1.0,0.9,0.7,1.0,0.7,0.4,1.0,0.0,0.0,0.0,0.0,0.0,0.0,0.775,0.5,1.0,0.7667,0.5,1.0,0.9,0.7,1.0,0.9,0.7,1.0,0.4,0.1,0.0,0.0,0.5,0.0
paraphrase,3,4,4,message_rewrite,10,0.945,0.8763,0.9895,0.055,0.0105,0.1237,0.0789,0.0141,0.1811,0.8821,0.7956,0.9617,0.987,0.9728,0.9985,1.1229,1.0009,1.3311,1.0,1.0,1.0,0.9,0.7,1.0,0.7,0.4,1.0,0.0,0.0,0.0,0.0,0.0,0.0,0.6667,0.3667,0.9,0.6833,0.4333,0.9,0.8,0.5,1.0,0.9,0.7,1.0,0.2,0.1,0.0,0.0,0.7,0.0
paraphrase,4,5,5,message_rewrite,10,0.9827,0.9574,0.9982,0.0173,0.0018,0.0426,0.0158,0.0028,0.0356,0.9523,0.8956,0.9921,0.9813,0.9512,1.0,1.0001,0.9891,1.0089,1.0,1.0,1.0,0.9,0.7,1.0,0.7,0.4,1.0,0.0,0.0,0.0,0.0,0.0,0.0,0.78,0.5,1.0,0.7,0.4,1.0,0.9,0.7,1.0,0.9,0.7,1.0,0.1,0.0,0.0,0.0,0.9,0.0
paraphrase,5,6,6,message_rewrite,10,0.966,0.9394,0.9885,0.034,0.0115,0.0606,0.0373,0.0034,0.0829,0.9409,0.8973,0.9784,0.9742,0.938,0.9955,1.0237,0.9604,1.0985,1.0,1.0,1.0,0.9,0.7,1.0,0.7,0.4,1.0,0.0,0.0,0.0,0.0,0.0,0.0,0.8286,0.5857,1.0,0.7167,0.45,0.95,0.9,0.7,1.0,0.9,0.7,1.0,0.2,0.1,0.0,0.0,0.7,0.0
paraphrase,6,7,7,message_rewrite,10,0.9679,0.9487,0.986,0.0321,0.0141,0.0513,0.0347,0.0092,0.068,0.9166,0.8629,0.9707,0.9727,0.9471,0.9929,1.0112,0.9659,1.0625,1.0,1.0,1.0,0.9,0.7,1.0,0.7,0.4,1.0,0.0,0.0,0.0,0.0,0.0,0.0,0.6667,0.3667,0.9,0.7167,0.45,0.95,0.8,0.5,1.0,0.9,0.7,1.0,0.1,0.2,0.0,0.0,0.7,0.0
paraphrase,7,8,8,message_rewrite,10,0.9666,0.9383,0.9911,0.0334,0.0089,0.0617,0.0119,0.0025,0.0224,0.9535,0.9165,0.9889,0.9489,0.8986,0.9901,0.9616,0.9085,1.0002,1.0,1.0,1.0,0.9,0.7,1.0,0.7,0.4,1.0,0.0,0.0,0.0,0.0,0.0,0.0,0.84,0.6195,1.0,0.7167,0.45,0.95,1.0,1.0,1.0,0.9,0.7,1.0,0.2,0.1,0.0,0.0,0.7,0.0
paraphrase,8,9,9,message_rewrite,10,0.949,0.8726,1.0,0.051,0.0,0.1274,0.0773,0.0,0.1932,0.9314,0.8364,1.0,0.9937,0.9815,1.0,1.129,0.9996,1.3242,1.0,1.0,1.0,0.9,0.7,1.0,0.7,0.4,1.0,0.0,0.0,0.0,0.0,0.0,0.0,0.8,0.5,1.0,0.7167,0.45,0.95,0.9,0.7,1.0,0.9,0.7,1.0,0.1,0.1,0.0,0.0,0.8,0.0
paraphrase,9,10,10,message_rewrite,10,0.9839,0.97,0.9956,0.0161,0.0044,0.03,0.0277,0.0057,0.0548,0.9591,0.9333,0.9835,0.9967,0.9933,1.0,1.0276,1.0011,1.0605,1.0,1.0,1.0,0.9,0.7,1.0,0.7,0.4,1.0,0.0,0.0,0.0,0.0,0.0,0.0,0.84,0.6195,1.0,0.7167,0.45,0.95,1.0,1.0,1.0,0.9,0.7,1.0,0.2,0.0,0.0,0.0,0.8,0.0
passthrough,0,1,1,source_compression,10,1.0,1.0,1.0,0.0,0.0,0.0,0.0,0.0,0.0,1.0,1.0,1.0,1.0,1.0,1.0,1.0,1.0,1.0,1.0,1.0,1.0,1.0,1.0,1.0,1.0,1.0,1.0,0.0,0.0,0.0,0.0,0.0,0.0,0.955,0.89,1.0,0.95,0.85,1.0,1.0,1.0,1.0,1.0,1.0,1.0,0.0,0.0,0.0,0.0,1.0,0.0
passthrough,1,2,2,message_rewrite,10,1.0,1.0,1.0,0.0,0.0,0.0,0.0,0.0,0.0,1.0,1.0,1.0,1.0,1.0,1.0,1.0,1.0,1.0,1.0,1.0,1.0,1.0,1.0,1.0,1.0,1.0,1.0,0.0,0.0,0.0,0.0,0.0,0.0,0.955,0.89,1.0,0.95,0.85,1.0,1.0,1.0,1.0,1.0,1.0,1.0,0.0,0.0,0.0,0.0,1.0,0.0
passthrough,2,3,3,message_rewrite,10,1.0,1.0,1.0,0.0,0.0,0.0,0.0,0.0,0.0,1.0,1.0,1.0,1.0,1.0,1.0,1.0,1.0,1.0,1.0,1.0,1.0,1.0,1.0,1.0,1.0,1.0,1.0,0.0,0.0,0.0,0.0,0.0,0.0,0.955,0.89,1.0,0.95,0.85,1.0,1.0,1.0,1.0,1.0,1.0,1.0,0.0,0.0,0.0,0.0,1.0,0.0
passthrough,3,4,4,message_rewrite,10,1.0,1.0,1.0,0.0,0.0,0.0,0.0,0.0,0.0,1.0,1.0,1.0,1.0,1.0,1.0,1.0,1.0,1.0,1.0,1.0,1.0,1.0,1.0,1.0,1.0,1.0,1.0,0.0,0.0,0.0,0.0,0.0,0.0,0.955,0.89,1.0,0.95,0.85,1.0,1.0,1.0,1.0,1.0,1.0,1.0,0.0,0.0,0.0,0.0,1.0,0.0
passthrough,4,5,5,message_rewrite,10,1.0,1.0,1.0,0.0,0.0,0.0,0.0,0.0,0.0,1.0,1.0,1.0,1.0,1.0,1.0,1.0,1.0,1.0,1.0,1.0,1.0,1.0,1.0,1.0,1.0,1.0,1.0,0.0,0.0,0.0,0.0,0.0,0.0,0.955,0.89,1.0,0.95,0.85,1.0,1.0,1.0,1.0,1.0,1.0,1.0,0.0,0.0,0.0,0.0,1.0,0.0
passthrough,5,6,6,message_rewrite,10,1.0,1.0,1.0,0.0,0.0,0.0,0.0,0.0,0.0,1.0,1.0,1.0,1.0,1.0,1.0,1.0,1.0,1.0,1.0,1.0,1.0,1.0,1.0,1.0,1.0,1.0,1.0,0.0,0.0,0.0,0.0,0.0,0.0,0.955,0.89,1.0,0.95,0.85,1.0,1.0,1.0,1.0,1.0,1.0,1.0,0.0,0.0,0.0,0.0,1.0,0.0
passthrough,6,7,7,message_rewrite,10,1.0,1.0,1.0,0.0,0.0,0.0,0.0,0.0,0.0,1.0,1.0,1.0,1.0,1.0,1.0,1.0,1.0,1.0,1.0,1.0,1.0,1.0,1.0,1.0,1.0,1.0,1.0,0.0,0.0,0.0,0.0,0.0,0.0,0.955,0.89,1.0,0.95,0.85,1.0,1.0,1.0,1.0,1.0,1.0,1.0,0.0,0.0,0.0,0.0,1.0,0.0
passthrough,7,8,8,message_rewrite,10,1.0,1.0,1.0,0.0,0.0,0.0,0.0,0.0,0.0,1.0,1.0,1.0,1.0,1.0,1.0,1.0,1.0,1.0,1.0,1.0,1.0,1.0,1.0,1.0,1.0,1.0,1.0,0.0,0.0,0.0,0.0,0.0,0.0,0.955,0.89,1.0,0.95,0.85,1.0,1.0,1.0,1.0,1.0,1.0,1.0,0.0,0.0,0.0,0.0,1.0,0.0
passthrough,8,9,9,message_rewrite,10,1.0,1.0,1.0,0.0,0.0,0.0,0.0,0.0,0.0,1.0,1.0,1.0,1.0,1.0,1.0,1.0,1.0,1.0,1.0,1.0,1.0,1.0,1.0,1.0,1.0,1.0,1.0,0.0,0.0,0.0,0.0,0.0,0.0,0.955,0.89,1.0,0.95,0.85,1.0,1.0,1.0,1.0,1.0,1.0,1.0,0.0,0.0,0.0,0.0,1.0,0.0
passthrough,9,10,10,message_rewrite,10,1.0,1.0,1.0,0.0,0.0,0.0,0.0,0.0,0.0,1.0,1.0,1.0,1.0,1.0,1.0,1.0,1.0,1.0,1.0,1.0,1.0,1.0,1.0,1.0,1.0,1.0,1.0,0.0,0.0,0.0,0.0,0.0,0.0,0.955,0.89,1.0,0.95,0.85,1.0,1.0,1.0,1.0,1.0,1.0,1.0,0.0,0.0,0.0,0.0,1.0,0.0
