arm,conditioning,schedule,query_type,depth,n,summary_characters_mean,summary_words_mean,language_match_rate,em,em_lo,em_hi,f1,f1_lo,f1_hi,judge_correct,judge_correct_lo,judge_correct_hi
conditioned_fixed,conditioned,fixed,heldout,1,10,695.6,104.1,1.0,0.2,0.0,0.5,0.2,0.0,0.5,0.5,0.2,0.8
conditioned_fixed,conditioned,fixed,heldout,2,10,550.1,81.3,1.0,0.2,0.0,0.5,0.2,0.0,0.5,0.4,0.1,0.7
conditioned_fixed,conditioned,fixed,heldout,3,10,557.6,82.5,1.0,0.2,0.0,0.5,0.25,0.0,0.5,0.4,0.1,0.7
conditioned_fixed,conditioned,fixed,heldout,4,10,574.0,85.0,1.0,0.3,0.0,0.6,0.3,0.0,0.6,0.4,0.1,0.7
conditioned_fixed,conditioned,fixed,heldout,5,10,553.2,82.5,1.0,0.2,0.0,0.5,0.2,0.0,0.5,0.4,0.1,0.7
conditioned_fixed,conditioned,fixed,heldout,6,10,567.4,84.8,1.0,0.2,0.0,0.5,0.2,0.0,0.5,0.4,0.1,0.7
conditioned_fixed,conditioned,fixed,target,1,10,695.6,104.1,1.0,0.4,0.1,0.7,0.4857,0.1857,0.7857,0.8,0.5,1.0
conditioned_fixed,conditioned,fixed,target,2,10,550.1,81.3,1.0,0.3,0.0,0.6,0.3222,0.0667,0.6222,0.7,0.4,1.0
conditioned_fixed,conditioned,fixed,target,3,10,557.6,82.5,1.0,0.4,0.1,0.7,0.4222,0.1222,0.7222,0.8,0.5,1.0
conditioned_fixed,conditioned,fixed,target,4,10,574.0,85.0,1.0,0.4,0.1,0.7,0.4222,0.1222,0.7222,0.7,0.4,1.0
conditioned_fixed,conditioned,fixed,target,5,10,553.2,82.5,1.0,0.4,0.1,0.7,0.4222,0.1222,0.7222,0.6,0.3,0.9
conditioned_fixed,conditioned,fixed,target,6,10,567.4,84.8,1.0,0.4,0.1,0.7,0.4222,0.1222,0.7222,0.6,0.3,0.9
conditioned_switching,conditioned,switching,heldout,1,10,695.6,104.1,1.0,0.2,0.0,0.5,0.2,0.0,0.5,0.5,0.2,0.8
conditioned_switching,conditioned,switching,heldout,2,10,656.7,101.2,0.9,0.4,0.1,0.7,0.4,0.1,0.7,0.6,0.3,0.9
conditioned_switching,conditioned,switching,heldout,3,10,678.6,103.7,1.0,0.2,0.0,0.5,0.2,0.0,0.5,0.6,0.3,0.9
conditioned_switching,conditioned,switching,heldout,4,10,610.6,92.5,0.9,0.2,0.0,0.5,0.2,0.0,0.5,0.5,0.2,0.8
conditioned_switching,conditioned,switching,heldout,5,10,677.1,99.5,1.0,0.3,0.0,0.6,0.3,0.0,0.6,0.6,0.3,0.9
conditioned_switching,conditioned,switching,heldout,6,10,673.4,102.6,1.0,0.3,0.0,0.6,0.3833,0.1333,0.65,0.6,0.3,0.9
conditioned_switching,conditioned,switching,target,1,10,695.6,104.1,1.0,0.4,0.1,0.7,0.4857,0.1857,0.7857,0.8,0.5,1.0
conditioned_switching,conditioned,switching,target,2,10,656.7,101.2,0.9,0.4,0.1,0.7,0.5067,0.2333,0.78,0.6,0.3,0.9
conditioned_switching,conditioned,switching,target,3,10,678.6,103.7,1.0,0.2,0.0,0.5,0.3067,0.08,0.5733,0.6,0.3,0.9
conditioned_switching,conditioned,switching,target,4,10,610.6,92.5,0.9,0.2,0.0,0.5,0.2667,0.0,0.5333,0.7,0.4,1.0
conditioned_switching,conditioned,switching,target,5,10,677.1,99.5,1.0,0.2,0.0,0.5,0.3583,0.1167,0.625,0.6,0.3,0.9
conditioned_switching,conditioned,switching,target,6,10,673.4,102.6,1.0,0.1,0.0,0.3,0.2417,0.0,0.4917,0.5,0.2,0.8
direct,direct,direct,heldout,0,10,809.7,129.1,,0.9,0.7,1.0,0.95,0.85,1.0,1.0,1.0,1.0
direct,direct,direct,target,0,10,809.7,129.1,,0.8,0.5,1.0,0.955,0.89,1.0,1.0,1.0,1.0
generic_fixed,generic,fixed,heldout,1,10,836.4,124.5,1.0,0.4,0.1,0.7,0.4,0.1,0.7,0.8,0.5,1.0
generic_fixed,generic,fixed,heldout,2,10,818.8,122.6,1.0,0.5,0.2,0.8,0.5,0.2,0.8,0.9,0.7,1.0
generic_fixed,generic,fixed,heldout,3,10,770.1,114.3,1.0,0.5,0.2,0.8,0.5,0.2,0.8,0.9,0.7,1.0
generic_fixed,generic,fixed,heldout,4,10,823.2,121.4,1.0,0.4,0.1,0.7,0.4,0.1,0.7,0.8,0.5,1.0
generic_fixed,generic,fixed,heldout,5,10,652.9,97.6,1.0,0.3,0.0,0.6,0.3,0.0,0.6,0.7,0.4,1.0
generic_fixed,generic,fixed,heldout,6,10,655.1,97.7,1.0,0.4,0.1,0.7,0.4,0.1,0.7,0.8,0.5,1.0
generic_fixed,generic,fixed,target,1,10,836.4,124.5,1.0,0.4,0.1,0.7,0.425,0.125,0.725,0.7,0.4,1.0
generic_fixed,generic,fixed,target,2,10,818.8,122.6,1.0,0.3,0.0,0.6,0.325,0.075,0.625,0.7,0.4,1.0
generic_fixed,generic,fixed,target,3,10,770.1,114.3,1.0,0.3,0.0,0.6,0.325,0.075,0.625,0.7,0.4,1.0
generic_fixed,generic,fixed,target,4,10,823.2,121.4,1.0,0.3,0.0,0.6,0.325,0.075,0.625,0.7,0.4,1.0
generic_fixed,generic,fixed,target,5,10,652.9,97.6,1.0,0.4,0.1,0.7,0.425,0.125,0.725,0.6,0.3,0.9
generic_fixed,generic,fixed,target,6,10,655.1,97.7,1.0,0.3,0.0,0.6,0.325,0.075,0.625,0.6,0.3,0.9
generic_switching,generic,switching,heldout,1,10,836.4,124.5,1.0,0.4,0.1,0.7,0.4,0.1,0.7,0.8,0.5,1.0
generic_switching,generic,switching,heldout,2,10,836.4,126.8,1.0,0.4,0.1,0.7,0.45,0.15,0.75,1.0,1.0,1.0
generic_switching,generic,switching,heldout,3,10,891.9,137.7,1.0,0.3,0.0,0.6,0.3,0.0,0.6,0.9,0.7,1.0
generic_switching,generic,switching,heldout,4,10,797.3,122.9,0.9,0.3,0.0,0.6,0.3,0.0,0.6,0.9,0.7,1.0
generic_switching,generic,switching,heldout,5,10,731.2,110.1,1.0,0.5,0.2,0.8,0.55,0.25,0.85,0.9,0.7,1.0
generic_switching,generic,switching,heldout,6,10,732.6,109.8,1.0,0.3,0.0,0.6,0.3833,0.1333,0.65,0.9,0.7,1.0
generic_switching,generic,switching,target,1,10,836.4,124.5,1.0,0.4,0.1,0.7,0.425,0.125,0.725,0.7,0.4,1.0
generic_switching,generic,switching,target,2,10,836.4,126.8,1.0,0.4,0.1,0.7,0.4,0.1,0.7,0.8,0.5,1.0
generic_switching,generic,switching,target,3,10,891.9,137.7,1.0,0.3,0.0,0.6,0.38,0.1,0.68,0.7,0.4,1.0
generic_switching,generic,switching,target,4,10,797.3,122.9,0.9,0.3,0.0,0.6,0.38,0.1,0.68,0.8,0.5,1.0
generic_switching,generic,switching,target,5,10,731.2,110.1,1.0,0.4,0.1,0.7,0.48,0.18,0.78,0.8,0.5,1.0
generic_switching,generic,switching,target,6,10,732.6,109.8,1.0,0.3,0.0,0.6,0.3857,0.1,0.6857,0.6,0.3,0.9
